{
    "format_version" : "1.8.0",  
    "animations" : {
       "animation.emmet.head" : {  
          "loop" : true, 
          "animation_length": 20.0,
          "bones" : {
             "head" : {
                "rotation" : {
                   "0.3" : [0,0,27],
                   "0.6" : [0,0,-27],
                   "0.9" : [0,0,27],
                   "1.2" : [0,0,-27],
                   "1.5" : [0,0,27],
                   "1.8" : [0,0,-27],
                   "2.1" : [0,0,27],
                   "2.4" : [0,0,-27],
                   "2.7" : [0,0,0]
                }
             },
             "hat" : {
                "rotation" : {
                   "0.3" : [0,0,27],
                   "0.6" : [0,0,-27],
                   "0.9" : [0,0,27],
                   "1.2" : [0,0,-27],
                   "1.5" : [0,0,27],
                   "1.8" : [0,0,-27],
                   "2.1" : [0,0,27],
                   "2.4" : [0,0,-27],
                   "2.7" : [0,0,0]
                }
             },
             "leftArm" : {
                "rotation" : {
                "1.2" : [0,0,0],
                "1.5" : [0,0,-100], 
                "2.4" : [0,0,-100], 
                "2.7" : [0,0,0]
                } 
             },
             "rightArm" : {
             "rotation" : {
                "1.2" : [0,0,0],
                "1.5" : [0,0,100], 
                "2.4" : [0,0,100], 
                "2.7" : [0,0,0]
                } 
             },
             "leftSleeve" : {
             "rotation" : {
                "1.2" : [0,0,0],
                "1.5" : [0,0,-100], 
                "2.4" : [0,0,-100], 
                "2.7" : [0,0,0]
                } 
             },
             "rightSleeve" : {
             "rotation" : {
                "1.2" : [0,0,0],
                "1.5" : [0,0,100], 
                "2.4" : [0,0,100], 
                "2.7" : [0,0,0]
                } 
             }
          }       
       } 
    }
} 