{
    "format_version" : "1.8.0",  
    "animations" : {
       "animation.wave.35" : {  
          "loop" : true,
          "animation_length" : 3.5,
          "bones" : {
             "rightArm" : {
                "rotation" : {
                   "0.0" : [0,0,0],
                   "1.0" : [0,0,4],
                   "2.0" : [0,0,2]
                   
                   } 
                },
              "leftArm" : {
                "rotation" : {
                   "0.0" : [0,0,0],
                   "1.0" : [0,0,-4],
                   "2.0" : [0,0,-2]
                   
                   } 
                },
              "rightSleeve" : {
                "rotation" : {
                   "0.0" : [0,0,0],
                   "1.0" : [0,0,4],
                   "2.0" : [0,0,2]
                   
                   } 
                },
              "leftSleeve" : {
                "rotation" : {
                   "0.0" : [0,0,0],
                   "1.0" : [0,0,-4],
                   "2.0" : [0,0,-2]
                   
                   } 
                }
             }
          }       
       } 
    }
} 