{
    "format_version" : "1.8.0",  
    "animations" : {
       "animation.wave.dab" : {  
          "loop" : true, 
          "animation_length": 10.0,
          "bones" : {
             "head" : {
                 "relative_to":{ "rotation":"entity" },
                "rotation" : {
                "0.0" : [0,0,0],
                "0.5" : [35,30,0],
                "1.5" : [35,30,0],
                "2.0" : [0,0,0]
                }
             }, 
             "hat" : {
                "rotation" : {
                "0.0" : [0,0,0],
                "0.5" : [35,30,0],
                "1.5" : [35,30,0],
                "2.0" : [0,0,0]
                }
             }, 
             "rightSleeve" : {
                "rotation" : {
                "0.0" : [0,0,0],
                "0.5" : [-97,-43,0],
                "1.5" : [-97,-43,0],
                "2.0" : [0,0,0]
                }
             },
             "leftSleeve" : {
                "rotation" : {
                "0.0" : [0,0,0],
                "0.5" : [10,-5,-100],
                "1.5" : [10,-5,-100],
                "2.0" : [0,0,0]
                }
             },
             "rightArm" : {
                "rotation" : {
                "0.0" : [0,0,0],
                "0.5" : [-97,-43,0],
                "1.5" : [-97,-43,0],
                "2.0" : [0,0,0]
                }
             },
             "leftArm" : {
                "rotation" : {
                "0.0" : [0,0,0],
                "0.5" : [10,-9,-125],
                "1.5" : [10,-9,-125],
                "2.0" : [0,0,0]
                }
             }
          } 
       } 
    }
} 