{
"geometry.villager": {
    "bones": [
      {
        "name": "head",
        "pivot": [ 0.0, 24.0, 0.0 ],
        "cubes": [
          {
            "origin": [ -4.0, 24.0, -4.0 ],
            "size": [ 8, 8, 8 ],
            "uv": [ 0, 0 ]
          }
        ]
      },
      {
        "name": "nose",
        "parent": "head",
        "pivot": [ 0.0, 26.0, 0.0 ],
        "cubes": [
          {
            "origin": [ -1.0, 23.0, -1.0 ],
            "size": [ 0, 0, 0 ],
            "uv": [ 24, 0 ]
          }
        ]
      },
      {
        "name": "body",
        "pivot": [ 0.0, 24.0, 0.0 ],
        "cubes": [
          {
            "origin": [ -4.0, 12.0, -2.0 ],
            "size": [ 8, 12, 4 ],
            "uv": [ 16, 16 ]
          },
          {
            "origin": [ -4.0, 19.0, -3.0 ],
            "size": [ 8, 4, 4 ],
            "uv": [ 16, 18 ],
            "inflate": -0.4
          },
          {
            "origin": [ -8.0, 11.9, -2.0 ],
            "size": [ 4, 12, 4 ],
            "uv": [ 40, 16 ]
          },
          {
            "origin": [ 4.0, 11.9, -2.0 ],
            "size": [ 4, 12, 4 ],
            "uv": [ 32, 48 ]
          }
        ],
        "material": "alpha"
      },
      {
        "name": "arms",
        "pivot": [ 0.0, 22.0, 0.0 ],
        "cubes": [
          {
            "origin": [ -4.0, 16.0, -2.0 ],
            "size": [ 0, 0, 0 ],
            "uv": [ 40, 8 ]
          }
        ]
      },
      {
        "name": "leg0",
        "pivot": [ -2.0, 12.0, 0.0 ],
        "cubes": [
          {
            "origin": [ -4.0, 0.0, -2.0 ],
            "size": [ 4, 12, 4 ],
            "uv": [ 0, 16 ]
          }
        ]
      },
      {
        "name": "leg1",
        "pivot": [ 2.0, 12.0, 0.0 ],
        "cubes": [
          {
            "origin": [ 0.0, 0.0, -2.0 ],
            "size": [ 4, 12, 4 ],
            "uv": [ 16, 48 ]
          }
        ]
      }
    ]
  },
  "geometry.zombie.villager": {
    "texturewidth": 64,
    "textureheight": 64,
    "bones": [
      {
        "name": "head",
        "pivot": [ 0.0, 24.0, 0.0 ],
        "cubes": [
          {
            "origin": [ -4.0, 24.0, -4.0 ],
            "size": [ 8, 8, 8 ],
            "uv": [ 0, 0 ]
          }
        ]
      },
      {
        "name": "nose",
        "parent": "head",
        "pivot": [ 0.0, 26.0, 0.0 ],
        "cubes": [
          {
            "origin": [ -1.0, 23.0, -1.0 ],
            "size": [ 0, 0, 0 ],
            "uv": [ 24, 0 ]
          }
        ]
      },
      {
        "name": "body",
        "pivot": [ 0.0, 24.0, 0.0 ],
        "cubes": [
          {
            "origin": [ -4.0, 12.0, -2.0 ],
            "size": [ 8, 12, 4 ],
            "uv": [ 16, 16 ]
          },
          {
            "origin": [ -8.0, 11.9, -2.0 ],
            "size": [ 4, 12, 4 ],
            "uv": [ 40, 16 ]
          },
          {
            "origin": [ 4.0, 11.9, -2.0 ],
            "size": [ 4, 12, 4 ],
            "uv": [ 32, 48 ]
          }
        ],
        "material": "alpha"
      },
      {
        "name": "rightArm",
        "pivot": [ -5.0, 22.0, -2.0 ],
        "cubes": [
          {
            "origin": [ -8.0, 20.0, -2.0 ],
            "size": [ 0, 0, 0 ],
            "uv": [ 40, 16 ]
          }
        ]
      },

      {
        "name": "leftArm",
        "pivot": [ 5.0, 22.0, -2.0 ],
        "cubes": [
          {
            "origin": [ 4.0, 20.0, -2.0 ],
            "size": [ 0, 0, 0 ],
            "uv": [ 40, 16 ]
          }
        ],
        "mirror": true
      },
      {
        "name": "leftLeg",
        "pivot": [ -2.0, 12.0, 0.0 ],
        "cubes": [
          {
            "origin": [ -4.0, 0.0, -2.0 ],
            "size": [ 4, 12, 4 ],
            "uv": [ 0, 16 ]
          }
        ]
      },
      {
        "name": "rightLeg",
        "pivot": [ 2.0, 12.0, 0.0 ],
        "cubes": [
          {
            "origin": [ 0.0, 0.0, -2.0 ],
            "size": [ 4, 12, 4 ],
            "uv": [ 16, 48 ]
          }
        ]
      }
    ]
  },
    "geometry.fixwitch": {
    "bones": [
      {
        "name": "head",
        "pivot": [ 0.0, 24.0, 0.0 ],
        "cubes": [
          {
            "origin": [ -4.0, 24.0, -4.0 ],
            "size": [ 8, 10, 8 ],
            "uv": [ 0, 0 ]
          }
        ]
      },
      {
        "name": "nose",
        "parent": "head",
        "pivot": [ 0.0, 26.0, 0.0 ],
        "cubes": [
          {
            "origin": [ -1.0, 23.0, -6.0 ],
            "size": [ 2, 4, 2 ],
            "uv": [ 24, 0 ]
          }
        ]
      },

 
      {
        "name": "body",
        "pivot": [ 0.0, 24.0, 0.0 ],
        "cubes": [
          {
            "origin": [ -4.0, 12.0, -3.0 ],
            "size": [ 8, 12, 6 ],
            "uv": [ 16, 20 ]
          },
          {
            "origin": [ -4.0, 6.0, -3.0 ],
            "size": [ 8, 18, 6 ],
            "uv": [ 0, 38 ],
            "inflate": 0.5
          }
        ],
        "material": "alpha"
      },
      {
        "name": "arms",
        "pivot": [ 0.0, 22.0, 0.0 ],
        "cubes": [
          {
            "origin": [ -4.0, 16.0, -2.0 ],
            "size": [ 8, 4, 4 ],
            "uv": [ 40, 38 ]
          },
          {
            "origin": [ -8.0, 16.0, -2.0 ],
            "size": [ 4, 8, 4 ],
            "uv": [ 44, 22 ]
          },
          {
            "origin": [ 4.0, 16.0, -2.0 ],
            "size": [ 4, 8, 4 ],
            "uv": [ 44, 22 ]
          }
        ]
      },
      {
        "name": "leg0",
        "pivot": [ -2.0, 12.0, 0.0 ],
        "cubes": [
          {
            "origin": [ -4.0, 0.0, -2.0 ],
            "size": [ 4, 12, 4 ],
            "uv": [ 0, 22 ]
          }
        ]
      },
      {
        "name": "leg1",
        "pivot": [ 2.0, 12.0, 0.0 ],
        "cubes": [
          {
            "origin": [ 0.0, 0.0, -2.0 ],
            "size": [ 4, 12, 4 ],
            "uv": [ 0, 22 ]
          }
        ]
      }
    ]
  },
  "geometry.villager.witch:geometry.fixwitch": {
    "texturewidth": 64,
    "textureheight": 128,
    "bones": [
      {
        "name": "nose",
        "parent": "head",
        "cubes": [
          {
            "origin": [ 0.0, 25.0, -6.75 ],
            "size": [ 1, 1, 1 ],
            "uv": [ 0, 0 ],
            "inflate": -0.25
          }
        ]
      },
      {
        "name": "hat",
        "parent": "head",
        "pivot": [ -5, 32.03125, -5 ],
        "cubes": [
          {
            "origin": [ -5, 32.05, -5 ],
            "size": [ 10, 2, 10 ],
            "uv": [ 0, 64 ]
          }
        ]
      },
      {
        "name": "hat2",
        "parent": "hat",
        "pivot": [ 1.75, 32, 2 ],
        "cubes": [
          {
            "origin": [ -3.25, 33.5, -3 ],
            "size": [ 7, 4, 7 ],
            "uv": [ 0, 76 ]
          }
        ],
        "rotation": [ -3, 0, 1.5 ]
      },
      {
        "name": "hat3",
        "parent": "hat2",
        "pivot": [ 1.75, 35, 2 ],
        "cubes": [
          {
            "origin": [ -1.5, 36.5, -1 ],
            "size": [ 4, 4, 4 ],
            "uv": [ 0, 87 ]
          }
        ],
        "rotation": [ -6, 0, 3 ]
      },
      {
        "name": "hat4",
        "parent": "hat3",
        "pivot": [ 1.75, 38, 2 ],
        "cubes": [
          {
            "origin": [ 0.25, 40, 1 ],
            "size": [ 1, 2, 1 ],
            "uv": [ 0, 95 ],
            "inflate": 0.25
          }
        ],

        "rotation": [ -12, 0, 6 ]
      }
    ]
  },
  "geometry.skeleton.wither":{
    "texturewidth": 64,
    "textureheight": 64,
    "bones": [
      {
        "name": "head",
        "reset": true,
        "pivot": [ 0.0, 24.0, 0.0 ],
        "cubes": [
          {
            "origin": [ -4.0, 24.0, -4.0 ],
            "size": [ 8, 8, 8 ],
            "uv": [ 0, 0 ]
          }
        ]
      },
      {
        "name": "body",
        "reset": true,
        "pivot": [ 0.0, 24.0, 0.0 ],
        "cubes": [
          {
            "origin": [ -4.0, 12.0, -2.0 ],
            "size": [ 8, 12, 4 ],
            "uv": [ 16, 16 ]
          },
          {
            "origin": [ -4.0, 6.0, -3.0 ],
            "size": [ 0, 0, 0 ],
            "uv": [ 0, 38 ],
            "inflate": 0.5
          }
        ],
        "material": "alpha"
      },
      {
        "name": "rightArm",
        "reset": true,
        "pivot": [ -5.0, 22.0, 0.0 ],
        "cubes": [
          {
            "origin": [ -8.0, 12.0, -2.0 ],
            "size": [ 4, 12, 4 ],
            "uv": [ 40, 16 ]
          }
        ]
      },
      {
        "name": "leftArm",
        "reset": true,
        "mirror": true,
        "pivot": [ 5.0, 22.0, 0.0 ],
        "cubes": [
          {
            "origin": [ 4.0, 12.0, -2.0 ],
            "size": [ 4, 12, 4 ],
            "uv": [ 40, 16 ]
          }
        ]
      },
      {
        "name": "rightLeg",
        "reset": true,
        "pivot": [ -2.0, 12.0, 0.0 ],
        "cubes": [
          {
            "origin": [ -4.0, 0.0, -2.0 ],
            "size": [ 4, 12, 4 ],
            "uv": [ 0, 16 ]
          }
        ]
      },
      {
        "name": "leftLeg",
        "reset": true,
        "mirror": true,
        "pivot": [ 2.0, 12.0, 0.0 ],
        "cubes": [
          {
            "origin": [ 0.0, 0.0, -2.0 ],
            "size": [ 4, 12, 4 ],
            "uv": [ 0, 16 ]
          }
        ]
      }
    ]
  }
}