{"packs":[{"can_be_redownloaded":false,"name":"Ipin By RMDN PRO GAMING","uuid":"ea89aeeb-987b-3561-8f28-4420390d520c","version":[0,0,1]},{"can_be_redownloaded":false,"name":"Upin By RMDN PRO GAMING","uuid":"92bca2d9-f83d-3103-8cab-57a0495718fe","version":[0,0,1]},{"can_be_redownloaded":false,"name":"Villagers Come Alive v2 Behavior Pack","uuid":"4c0bd087-0785-3c6b-9605-734f38f28d9a","version":[0,0,1]},{"can_be_redownloaded":false,"name":"§eHappy Family 1.0.3 FIX","uuid":"172a5afa-fe20-11e9-aad5-362b9e155667","version":[1,0,3]}]}
