{"packs":[{"can_be_redownloaded":false,"name":"Upin By RMDN PRO GAMING","uuid":"27fe32f2-007d-321b-99c4-b0f84980ebbe","version":[0,0,1]},{"can_be_redownloaded":false,"name":"Ipin By RMDN PRO GAMING","uuid":"c627014a-90e0-339d-8be7-8ed2e5e6472e","version":[0,0,1]},{"can_be_redownloaded":false,"name":"Villagers Come Alive v2 Resource Pack","uuid":"c3d83fc0-93bb-3638-8d42-db587c2bf19e","version":[0,0,1]},{"can_be_redownloaded":false,"name":"§eHappy Family 1.0.3 Fix","uuid":"300e5b84-fe20-11e9-8f0b-362b9e155667","version":[1,0,3]}]}
