{ 
   "format_version": "1.8.0",
   "minecraft:client_entity": { 
      "description": { 
         "identifier": "npc:emmet",
         "spawn_egg": {
            "base_color": "#FFFFFF",
            "overlay_color": "#FF00D0"
         },
         "materials": { 
            "default": "entity_alphatest" 
            },
         "textures": { 
            "default": "textures/Emmet"
            }, 
         "geometry": { 
            "default": "geometry.steve" 
            },
         "render_controllers": [ 
              "controller.render.wave"
              ],
         "animations" : {
              "emmethead" : "animation.emmet.head" 
              }, 
         "animation_controllers" : [
         {
              "emmetani" : "controller.animation.emmetani"
         } 
         
         ] 
              
              
         }
      }
}