{ 
   "format_version": "1.8.0",
   "minecraft:client_entity": { 
      "description": { 
         "identifier": "npc:redstoner35",
         "spawn_egg": {
            "base_color": "#FFFFFF",
            "overlay_color": "#FF00D0"
         },
         "materials": { 
            "default": "entity_alphatest" 
            },
         "textures": { 
            "default": "textures/Redstoner35"
            }, 
         "geometry": { 
            "default": "geometry.steve" 
            },
         "render_controllers": [ 
              "controller.render.wave"
              ],
         "animations" : {"35" :"animation.wave.35"},
         "animation_controllers" : [
         
         {
         "355" : "controller.animation.35"
        } 
         
        ] 
              
              
         }
      }
}