{ 
   "format_version": "1.8.0",
   "minecraft:client_entity": { 
      "description": { 
         "identifier": "npc:ukropchik",
         "spawn_egg": {
            "base_color": "#FFFFFF",
            "overlay_color": "#FF00D0"
         },
         "materials": { 
            "default": "entity_alphatest" 
            },
         "textures": { 
            "default": "textures/Ukropchik"
            }, 
         "geometry": { 
            "default": "geometry.steve" 
            },
         "render_controllers": [ 
              "controller.render.wave"
              ],      
         "animations" : {
            "spin" : "animation.ukropchik.spin" 
            },
         "animation_controllers" :[
            {
               "ukropchikspin" : "controller.animation.ukropchikspin"
               }
            ] 
         
       }
    }
}