{ 
   "format_version": "1.8.0",
   "minecraft:client_entity": { 
      "description": { 
         "identifier": "npc:wave",
         "spawn_egg": {
            "base_color": "#FFFFFF",
            "overlay_color": "#FF00D0"
         },
         "materials": { 
            "default": "entity_alphatest" 
            },
         "textures": { 
            "default": "textures/wave"
            }, 
         "geometry": { 
            "default": "geometry.steve" 
            },
         "render_controllers": [ 
            "controller.render.wave"
            ], 
         "animations" : {
            "dab" : "animation.wave.dab" 
            },
         "animation_controllers" :[
            {
               "wavee" : "controller.animation.wavee"
               }
            ] 
         }
     }
}