{
  "format_version": "1.8.0",
  "minecraft:entity": {
    "description": {
      "identifier": "ayrtown:friend_creeper",
      "is_spawnable": true,
      "is_summonable": true,
      "is_experimental": false
    },

    "component_groups": {
      "minecraft:friend_creeper_baby": {
        "minecraft:is_baby": {
        },
        "minecraft:scale": {
          "value": 0.7
        },

        "minecraft:ageable": {
          "duration": 1200,
          "feedItems": [
            "apple",
            "carrot",
            "golden_apple"
          ],
          "grow_up": {
            "event": "minecraft:ageable_grow_up",
            "target": "self"
          }
        }
      },

      "minecraft:friend_creeper_adult": {
        "minecraft:loot": {
          "table": "loot_tables/entities/friend_creeper.json"
        },
        "minecraft:breedable": {
          "requireTame": true,
          "breedsWith": {
            "mateType": "ayrtown:friend_creeper",
            "babyType": "ayrtown:friend_creeper",
            "breed_event": {
              "event": "minecraft:entity_born",
              "target": "baby"
            }
          },
          "breedItems": [
            "gunpowder"
          ]
        }
      },

      "minecraft:friend_creeper_angry": {
        "minecraft:angry": {
          "duration": 25,
          "broadcastAnger": true,
          "broadcastRange": 20,
          "calm_event": {
            "event": "minecraft:on_calm",
            "target": "self"
          }
        },
        "minecraft:on_target_acquired": {
        }
      },

      "minecraft:friend_creeper_wild": {
        "minecraft:behavior.avoid_mob_type": {
          "priority": 3,
          "entity_types": [
            {
              "filters": { "test": "is_family", "subject": "other", "value": "irongolem" },
              "max_dist": 24,
              "walk_speed_multiplier": 1.5,
              "sprint_speed_multiplier": 1.5
            }
          ],
          "probability_per_strength": 0.14
        },
        "minecraft:tameable": {
          "probability": 100,
          "tameItems": "diamond",
          "tame_event": {
            "event": "minecraft:on_tame",
            "target": "self"
          }
        },

        "minecraft:behavior.nearest_attackable_target": {
          "priority": 4,
          "attack_interval": 10,
          "reselect_targets": true,
          "entity_types": [
            {
              "filters": {
                "any_of": [
                  { "test" :  "is_family", "subject" : "other", "value" :  "zombie"}
                ] 
              },
              "max_dist": 16
            },
            {
              "filters": {
                "all_of": [
                  {
                    "test": "is_family",
                    "subject": "other",
                    "value": "zombie"
                  },
                  {
                    "test": "in_water",
                    "subject": "other",
                    "operator": "!=",
                    "value": true
                  }
                ]
              },
              "max_dist": 16
            },
			{
              "filters": {
				"all_of": [
                  {
                    "test": "is_family",
                    "subject": "other",
                    "value": "husk"
                  },
                  {
                    "test": "is_underwater",
                    "subject": "other",
                    "operator": "!=",
                    "value": true
                  }
				]
              },
              "max_dist": 16
			}
          ],
          "must_see": true
        },
        "minecraft:on_target_acquired": {
          "event": "minecraft:become_angry",
          "target": "self"
        },
        "minecraft:rideable": {
          "seat_count": 1,
          "family_types": [
            "none"
          ],
          "seats": {
            "position": [ 0.0, 0.675, -0.1 ]
          }
        }
      },

      "minecraft:friend_creeper_tame": {
        "minecraft:is_tamed": {
        },
        "minecraft:health": {
          "value": 80,
          "max": 100
        },
        "minecraft:behavior.follow_owner": {
          "priority": 6,
          "speed_multiplier": 1.0,
          "start_distance": 10,
          "stop_distance": 2
        },
        "minecraft:attack": {
          "damage": 5
        },
        "minecraft:behavior.breed": {
          "priority": 7
        },

        "minecraft:behavior.owner_hurt_by_target": {
          "priority": 1
        },
        "minecraft:behavior.owner_hurt_target": {
          "priority": 2
        },
        "minecraft:behavior.nearest_attackable_target": {
          "priority": 3,
          "entity_types": [
            {
              "filters": { "test" :  "is_family", "subject" : "other", "value" :  "monster"},
              "max_dist": 16
            }
          ],
          "must_see": true
        },

        "minecraft:sittable": {
        },
        "minecraft:is_dyeable": {
          "interact_text": "action.interact.dye"
        },

        "minecraft:leashable": {
          "soft_distance": 4.0,
          "hard_distance": 6.0,
          "max_distance": 10.0,
          "on_leash": {
            "event": "minecraft:on_leash",
            "target": "self"
          },
          "on_unleash": {
            "event": "minecraft:on_unleash",
            "target": "self"
          }
        }
      },

      "minecraft:friend_creeper_leashed": {
        "minecraft:behavior.move_towards_restriction": {
          "priority": 2,
          "speed_multiplier": 1.0
        }
    },
      ///Ranger
      "minecraft:friend_creeper_ranger": {
        "minecraft:equipment": {
        "table": "loot_tables/entities/ranger.json"
      },
        "minecraft:behavior.ranged_attack": {
          "priority": 4,
          "attack_interval_min": 1,
          "attack_interval_max": 1,
          "attack_radius": 9
        },
        "minecraft:shooter": {
          "type": "Arrow",
          "def": "minecraft:arrow"
        },
        "minecraft:behavior.mount_pathing": {
          "priority": 2,
          "speed_multiplier": 1.25,
          "target_dist": 0.0,
          "track_target": true
        },
        "minecraft:behavior.charge_held_item": {
        "priority": 3,
        "items": [
          "minecraft:arrow"
        ]
       }
      },
      ///Melee
      "minecraft:friend_creeper_melee": {
        "minecraft:equipment": {
        "table": "loot_tables/entities/melee.json"
      },
        "minecraft:behavior.melee_attack": {
        "priority": 3,
        "speed_multiplier": 1,
        "track_target": false
      },
        "minecraft:behavior.mount_pathing": {
          "priority": 2,
          "speed_multiplier": 1.25,
          "target_dist": 0.0,
          "track_target": true
        }
      },

      "minecraft:friend_creeper_jockey": {
        "minecraft:behavior.find_mount": {
          "priority": 1,
          "within_radius": 16
        }
      }
    },

    "components": {
      "minecraft:nameable": {
      },
      "minecraft:type_family": {
        "family": [ "friend_creeper" ]
      },
      "minecraft:breathable": {
        "totalSupply": 15,
        "suffocateTime": 0
      },
      "minecraft:health": {
        "value": 80,
        "max": 100
      },
      "minecraft:movement": {
        "value": 0.3
      },
        "minecraft:loot": {
        "table": "loot_tables/entities/ayrtown.json"
      },
      "minecraft:navigation.walk": {
        "can_path_over_water": true,
        "avoid_damage_blocks": true
      },
      "minecraft:movement.basic": {
      },
      "minecraft:jump.static": {
      },
      "minecraft:can_climb": {
      },
      "minecraft:attack": {
        "damage": 5
      },
      "minecraft:healable": {
        "items": [
          {
            "item": "apple",
            "heal_amount": 4
          },
          {
            "item": "carrot",
            "heal_amount": 5
          },
          {
            "item": "golden_apple",
            "heal_amount": 10
          }
        ]
      },
      "minecraft:behavior.float": {
        "priority": 0
      },
      "minecraft:behavior.mount_pathing": {
        "priority": 1,
        "speed_multiplier": 1.25,
        "target_dist": 0,
        "track_target": true
      },
      "minecraft:behavior.stay_while_sitting": {
        "priority": 3
      },
      "minecraft:behavior.leap_at_target": {
        "priority": 4,
        "target_dist": 0.4
      },
      "minecraft:behavior.random_stroll": {
        "priority": 8,
        "speed_multiplier": 1.0
      },
      "minecraft:behavior.look_at_player": {
        "priority": 6,
        "target_distance": 6.0,
        "probability": 0.02
      },
      "minecraft:behavior.beg": {
        "priority": 9,
        "look_distance": 8,
        "look_time": [ 2, 4 ],
        "items": [ "apple", "carrot", "golden_apple" ]
      },

        "minecraft:behavior.hurt_by_target": {
        "priority": 3,
        "entity_types": [
          {
            "filters": { "other_without_families": "friend_creeper" }
          }
        ]
      },
	    "minecraft:physics": {
      }
    },


    "events": {
      "minecraft:entity_spawned": {
        "randomize": [
          {
            "weight": 15,
            "remove": {
            },
            "add": {
              "component_groups": [
                "minecraft:friend_creeper_adult",
                "minecraft:friend_creeper_wild",
                "minecraft:friend_creeper_melee"
              ]
            }
          },
          {
            "weight": 4,
            "remove": {
            },
            "add": {
              "component_groups": [
                "minecraft:friend_creeper_adult",
                "minecraft:friend_creeper_wild",
                "minecraft:friend_creeper_ranger"
              ]
            }
          },
          {
            "weight": 5,
            "remove": {
            },
            "add": {
              "component_groups": [
                "minecraft:friend_creeper_baby",
                "minecraft:friend_creeper_wild",
                "minecraft:friend_creeper_melee"
              ]
            }
          },
          {
            "weight": 1,
            "remove": {
            },
            "add": {
              "component_groups": [
                "minecraft:friend_creeper_baby",
                "minecraft:friend_creeper_wild",
                "minecraft:friend_creeper_ranger"
              ]

            }
          }
        ]
      },

        "minecraft:entity_born": {
        "randomize": [
          {
            "weight": 70,
            "add": {
              "component_groups": [
                "minecraft:friend_creeper_baby",
                "minecraft:friend_creeper_melee",
                "minecraft:friend_creeper_tame"
              ]
            }
          },
          {
            "weight": 30,
            "add": {
              "component_groups": [
                "minecraft:friend_creeper_baby",
                 "minecraft:friend_creeper_ranger",
                 "minecraft:friend_creeper_tame"
              ]
            }
          }
        ]
      },

      "minecraft:ageable_grow_up": {
        "remove": {
          "component_groups": [
            "minecraft:friend_creeper_baby"
          ]
        },
        "add": {
          "component_groups": [
            "minecraft:friend_creeper_adult"
          ]
        }
      },

      "minecraft:ageable_set_baby": {
        "remove": {
          "component_groups": [
            "minecraft:friend_creeper_adult"
          ]
        },
        "add": {
          "component_groups": [
            "minecraft:friend_creeper_baby"
          ]
        }
      },

      "minecraft:on_tame": {
        "remove": {
          "component_groups": [
            "minecraft:friend_creeper_wild"
          ]
        },
        "add": {
          "component_groups": [
            "minecraft:friend_creeper_tame"
          ]
        }
      },
      "minecraft:become_angry": {
        "remove": {
          "component_groups": [
            "minecraft:friend_creeper_wild"
          ]
        },
        "add": {
          "component_groups": [
            "minecraft:friend_creeper_angry"
          ]
        }
      },
      "minecraft:on_calm": {
        "remove": {
          "component_groups": [
            "minecraft:friend_creeper_angry"
          ]
        },
        "add": {
          "component_groups": [
            "minecraft:friend_creeper_wild"
          ]
        }
      },

      "minecraft:on_leash": {
        "add": {
          "component_groups": [
            "minecraft:friend_creeper_leashed"
          ]
        }
      },
      "minecraft:on_unleash": {
        "remove": {
          "component_groups": [
            "minecraft:friend_creeper_leashed"
          ]
        }
      }
    }
  }
}
