{
  "pools": [
    {
      "rolls": 1,
      "entries": [
        {
          "type": "item",
          "name": "minecraft:sand",
          "functions": [
            {
              "function": "set_count",
              "count": {
                "min": 8,
                "max": 32
              }
            }
          ],
          "weight": 10
        },
        {
          "type": "item",
          "name": "minecraft:sand",
          "functions": [
            {
              "function": "set_data",
              "data": 1
            },
            {
              "function": "set_count",
              "count": {
                "min": 0,
                "max": 16
              }
            }
          ],
          "weight": 10
        },
        {
          "type": "item",
          "name": "minecraft:dirt",
          "functions": [
            {
              "function": "set_count",
              "count": {
                "min": 8,
                "max": 64
              }
            }
          ],
          "weight": 10
        },
        {
          "type": "item",
          "name": "minecraft:gravel",
          "functions": [
            {
              "function": "set_count",
              "count": {
                "min": 0,
                "max": 16
              }
            }
          ],
          "weight": 10
        },
        {
          "type": "item",
          "name": "minecraft:flint",
          "functions": [
            {
              "function": "set_count",
              "count": {
                "min": 0,
                "max": 4
              }
            }
          ],
          "weight": 10
        }
      ]
    },
    {
      "rolls": 2,
      "entries": [
        {
          "type": "item",
          "name": "minecraft:sand",
          "functions": [
            {
              "function": "set_count",
              "count": {
                "min": 8,
                "max": 32
              }
            }
          ],
          "weight": 10
        },
        {
          "type": "item",
          "name": "minecraft:dirt",
          "functions": [
            {
              "function": "set_count",
              "count": {
                "min": 8,
                "max": 64
              }
            }
          ],
          "weight": 10
        }
      ]
    },
    {
      "rolls": 3,
      "entries": [
        {
          "type": "item",
          "name": "minecraft:sand",
          "functions": [
            {
              "function": "set_count",
              "count": {
                "min": 8,
                "max": 32
              }
            }
          ],
          "weight": 10
        },
        {
          "type": "item",
          "name": "minecraft:dirt",
          "functions": [
            {
              "function": "set_count",
              "count": {
                "min": 8,
                "max": 64
              }
            }
          ],
          "weight": 10
        }
      ]
    },
    {
      "rolls": 4,
      "entries": [
        {
          "type": "item",
          "name": "minecraft:gravel",
          "functions": [
            {
              "function": "set_count",
              "count": {
                "min": 0,
                "max": 16
              }
            }
          ],
          "weight": 10
        },
        {
          "type": "item",
          "name": "minecraft:flint",
          "functions": [
            {
              "function": "set_count",
              "count": {
                "min": 0,
                "max": 4
              }
            }
          ],
          "weight": 10
        }
      ]
    }
  ]
}