{
  "pools": [
    {
      "rolls": 1,
      "entries": [
        {
          "type": "item",
          "name": "minecraft:apple",
          "weight": 10,
          "functions": [
            {
              "function": "minecraft:set_count",
              "count": {
                "min": 0,
                "max": 4
              }
            }
          ]
        },
        {
          "type": "item",
          "name": "minecraft:sapling",
          "functions": [
            {
              "function": "set_count",
              "count": {
                "min": 0,
                "max": 7
              }
            },
            {
              "function": "minecraft:set_data",
              "data": {
                "min": 0,
                "max": 3
              }
            }
          ],
          "weight": 10
        }
      ]
    },
    {
      "rolls": 2,
      "entries": [
        {
          "type": "item",
          "name": "minecraft:log",
          "weight": 60,
          "functions": [
            {
              "function": "minecraft:set_count",
              "count": {
                "min": 6,
                "max": 32
              }
            },
            {
              "function": "minecraft:set_data",
              "data": {
                "min": 0,
                "max": 3
              }
            }
          ]
        },
        {
          "type": "item",
          "name": "minecraft:log2",
          "weight": 40,
          "functions": [
            {
              "function": "minecraft:set_count",
              "count": {
                "min": 6,
                "max": 32
              }
            },
            {
              "function": "minecraft:set_data",
              "data": {
                "min": 0,
                "max": 1
              }
            }
          ]
        }
      ]
    },
    {
      "rolls": 3,
      "entries": [
        {
          "type": "item",
          "name": "minecraft:log",
          "weight": 60,
          "functions": [
            {
              "function": "minecraft:set_count",
              "count": {
                "min": 6,
                "max": 32
              }
            },
            {
              "function": "minecraft:set_data",
              "data": {
                "min": 0,
                "max": 3
              }
            }
          ]
        },
        {
          "type": "item",
          "name": "minecraft:log2",
          "weight": 40,
          "functions": [
            {
              "function": "minecraft:set_count",
              "count": {
                "min": 6,
                "max": 32
              }
            },
            {
              "function": "minecraft:set_data",
              "data": {
                "min": 0,
                "max": 1
              }
            }
          ]
        }
      ]
    },
    {
      "rolls": 4,
      "entries": [
        {
          "type": "item",
          "name": "minecraft:log",
          "weight": 60,
          "functions": [
            {
              "function": "minecraft:set_count",
              "count": {
                "min": 6,
                "max": 32
              }
            },
            {
              "function": "minecraft:set_data",
              "data": {
                "min": 0,
                "max": 3
              }
            }
          ]
        },
        {
          "type": "item",
          "name": "minecraft:log2",
          "weight": 40,
          "functions": [
            {
              "function": "minecraft:set_count",
              "count": {
                "min": 6,
                "max": 32
              }
            },
            {
              "function": "minecraft:set_data",
              "data": {
                "min": 0,
                "max": 1
              }
            }
          ]
        }
      ]
    },
    {
      "rolls": 5,
      "entries": [
        {
          "type": "item",
          "name": "minecraft:apple",
          "weight": 10,
          "functions": [
            {
              "function": "minecraft:set_count",
              "count": {
                "min": 0,
                "max": 4
              }
            }
          ]
        },
        {
          "type": "item",
          "name": "minecraft:sapling",
          "functions": [
            {
              "function": "set_count",
              "count": {
                "min": 0,
                "max": 7
              }
            },
            {
              "function": "minecraft:set_data",
              "data": {
                "min": 0,
                "max": 3
              }
            }
          ],
          "weight": 10
        }
      ]
    }
  ]
}