{
    "pools": [
        {
            "rolls": 1,
            "entries": [
                {
                    "type": "item",
                    "name": "minecraft:waterlily",
                    "weight": 1
                },
                {
                    "type": "item",
                    "name": "minecraft:name_tag",
                    "weight": 1
                },
                {
                    "type": "item",
                    "name": "minecraft:saddle",
                    "weight": 1
                },
                {
                    "type": "item",
                    "name": "minecraft:bow",
                    "weight": 1,
                    "functions": [
                        {
                            "function": "set_damage",
                            "damage": {
                                "min": 0,
                                "max": 0.25
                            }
                        },
                        {
                            "function": "enchant_with_levels",
                            "levels": 30,
                            "treasure": true
                        }
                    ]
                },
                {
                    "type": "item",
                    "name": "minecraft:book",
                    "weight": 1,
                    "functions": [
                        {
                            "function": "enchant_with_levels",
                            "levels": 30,
                            "treasure": true
                        }
                    ]
                }
            ]
        },
        {
            "rolls": 2,
            "entries": [
                {
                    "type": "item",
                    "name": "minecraft:fish",
                    "weight": 50,
                       "functions": [
                          {
                             "function": "set_count",
                             "count": {
                               "min": 3,
                               "max": 16
                               }
                          }
                    ]
                },
                {
                    "type": "item",
                    "name": "minecraft:salmon",
                    "weight": 25,
                       "functions": [
                          {
                             "function": "set_count",
                             "count": {
                               "min": 1,
                               "max": 10
                               }
                          }
                    ]
                },
				       {
                    "type": "item",
                    "name": "minecraft:clownfish",
                    "weight": 15,
                       "functions": [
                          {
                             "function": "set_count",
                             "count": {
                               "min": 0,
                               "max": 7
                               }
                          }
                    ]
                },
				       {
                    "type": "item",
                    "name": "minecraft:pufferfish",
                    "weight": 10,
                       "functions": [
                          {
                             "function": "set_count",
                             "count": {
                               "min": 0,
                               "max": 5
                               }
                          }
                    ]
                }
            ]
        },
        {
            "rolls": 3,
            "entries": [
                {
                    "type": "item",
                    "name": "minecraft:fish",
                    "weight": 50,
                       "functions": [
                          {
                             "function": "set_count",
                             "count": {
                               "min": 3,
                               "max": 16
                               }
                          }
                    ]
                },
                {
                    "type": "item",
                    "name": "minecraft:salmon",
                    "weight": 25,
                       "functions": [
                          {
                             "function": "set_count",
                             "count": {
                               "min": 1,
                               "max": 10
                               }
                          }
                    ]
                },
				       {
                    "type": "item",
                    "name": "minecraft:clownfish",
                    "weight": 15,
                       "functions": [
                          {
                             "function": "set_count",
                             "count": {
                               "min": 0,
                               "max": 7
                               }
                          }
                    ]
                },
				       {
                    "type": "item",
                    "name": "minecraft:pufferfish",
                    "weight": 10,
                       "functions": [
                          {
                             "function": "set_count",
                             "count": {
                               "min": 0,
                               "max": 5
                               }
                          }
                    ]
                }
            ]
        },
        {
            "rolls": 4,
            "entries": [
                {
                    "type": "item",
                    "name": "minecraft:fish",
                    "weight": 50,
                       "functions": [
                          {
                             "function": "set_count",
                             "count": {
                               "min": 3,
                               "max": 16
                               }
                          }
                    ]
                },
                {
                    "type": "item",
                    "name": "minecraft:salmon",
                    "weight": 25,
                       "functions": [
                          {
                             "function": "set_count",
                             "count": {
                               "min": 1,
                               "max": 10
                               }
                          }
                    ]
                },
				       {
                    "type": "item",
                    "name": "minecraft:clownfish",
                    "weight": 15,
                       "functions": [
                          {
                             "function": "set_count",
                             "count": {
                               "min": 0,
                               "max": 7
                               }
                          }
                    ]
                },
				       {
                    "type": "item",
                    "name": "minecraft:pufferfish",
                    "weight": 10,
                       "functions": [
                          {
                             "function": "set_count",
                             "count": {
                               "min": 0,
                               "max": 5
                               }
                          }
                    ]
                }
            ]
        },
        {
            "rolls": 5,
            "entries": [
                {
                    "type": "item",
                    "name": "minecraft:leather_boots",
                    "weight": 10,
                    "functions": [
                        {
                            "function": "set_damage",
                            "damage": {
                                "min": 0,
                                "max": 0.90
                            }
                        }
                    ]
                },
                {
                    "type": "item",
                    "name": "minecraft:leather",
                    "weight": 10
                },
                {
                    "type": "item",
                    "name": "minecraft:bone",
                    "weight": 10
                },
                {
                    "type": "item",
                    "name": "minecraft:potion",
                    "weight": 10
                },
                {
                    "type": "item",
                    "name": "minecraft:string",
                    "weight": 5
                },
                {
                    "type": "item",
                    "name": "minecraft:bowl",
                    "weight": 10
                },
                {
                    "type": "item",
                    "name": "minecraft:stick",
                    "weight": 5
                },
                {
                    "type": "item",
                    "name": "minecraft:dye",
                    "weight": 10,
                    "functions": [
                        {
                            "function": "set_data",
                            "data": 0
                        }
                    ]
                },
                {
                    "type": "item",
                    "name": "minecraft:tripwire_hook",
                    "weight": 10
                },
                {
                    "type": "item",
                    "name": "minecraft:rotten_flesh",
                    "weight": 10
                }
            ]
        }
    ]
}