{
  "minecraft:entity": {
    "format_version": 0.1,

    "component_groups": {
      "minecraft:pig_zombie_baby": {
        "minecraft:is_baby": {
        },
        "minecraft:scale": {
          "value": 0.5
        },
        "minecraft:movement": {
          "value": 0.33,
          "max": 0.6
        },
        "minecraft:health": {
          "value": 10,
          "max": 10
        },
        "minecraft:ageable": {
          "duration": 1200,
          "feedItems": [
            "cooked_chicken",
            "cooked_beef",
            "muttonCooked",
            "cooked_porkchop",
            "cooked_rabbit",
            "carrot", 
			"beetroot", 
			"potato"
          ],
          "grow_up": {
            "event": "minecraft:ageable_grow_up",
            "target": "self"
          }
        }
      },

      "minecraft:pig_zombie_adult": {
        "minecraft:movement": {
          "value": 0.33,
          "max": 0.6
        },
        "minecraft:attack": {
          "damage": 5
        },
        "minecraft:health": {
          "value": 20,
          "max": 20
        },
        "minecraft:behavior.break_door": {
          "priority": 1
        },
        "minecraft:behavior.melee_attack": {
          "priority": 3,
          "speed_multiplier": 1,
          "track_target": false
        },
        "minecraft:tameable": {
          "probability": 0.33,
          "tameItems": "gold_ingot",
          "tame_event": {
            "event": "minecraft:on_tame",
            "target": "self"
          }
        }
      },
      
      "minecraft:pig_zombie_angry": {
        "minecraft:angry": {
          "duration": 25,
          "broadcastAnger": true,
          "broadcastRange": 20,
          "calm_event": {
            "event": "minecraft:on_calm",
            "target": "self"
          }
        },
        "minecraft:movement": {
          "value": 0.43,
          "max": 0.7
        }
      },
      "minecraft:pig_zombie_calm": {
        "minecraft:on_target_acquired": {
          "event": "minecraft:become_angry",
          "target": "self"
        }
      },
      
      "minecraft:pig_zombie_tame": {
        "minecraft:is_tamed": {
        },
        "minecraft:health": {
          "value": 30,
          "max": 30
        },
        "minecraft:movement": {
          "value": 0.33,
          "max": 0.6
        },
        "minecraft:behavior.melee_attack": {
          "priority": 3,
          "speed_multiplier": 1.2,
          "track_target": false
        },
        "minecraft:attack": {
          "damage": 6
        },
        "minecraft:behavior.owner_hurt_by_target": {
          "priority": 1
        },
        "minecraft:behavior.owner_hurt_target": {
          "priority": 2
        },
        "minecraft:leashable": {
          "soft_distance": 4.0,
          "hard_distance": 6.0,
          "max_distance": 10.0,
          "on_leash": {
            "event": "minecraft:on_leash",
            "target": "self"
          },
          "on_unleash": {
            "event": "minecraft:on_unleash",
            "target": "self"
          }
        }
      },
      
      
      
      
      
      
      
      "minecraft:pig_zombie_tame_go": {
        "minecraft:behavior.follow_owner": {
          "priority": 6,
          "speed_multiplier": 1.2,
          "start_distance": 10,
          "stop_distance": 2
        },
        "minecraft:behavior.beg": {
          "priority": 4,
          "look_distance": 8,
          "look_time": [ 4, 6 ],
          "items": [ "iron_sword", "iron_shovel", "iron_axe", "iron_pickaxe", "iron_hoe", "fishing_rod" ]
        },
        "minecraft:sittable": {
        },
        "minecraft:interact": [
          {
            "use_item": true,
            "play_sounds": "pop",
            "interact_text": "Go hunting!",
            "on_interact": {
              "filters": {
                "other_with_item": "iron_sword",
                "other_with_families": "player"
              },
              "event": "minecraft:run_hunt",
              "target": "self"
            }
          },
          {
            "use_item": true,
            "play_sounds": "pop",
            "interact_text": "Go dig!",
            "on_interact": {
              "filters": {
                "other_with_item": "iron_shovel",
                "other_with_families": "player"
              },
              "event": "minecraft:run_dig",
              "target": "self"
            }
          },
          {
            "use_item": true,
            "play_sounds": "pop",
            "interact_text": "Go cut down some trees!",
            "on_interact": {
              "filters": {
                "other_with_item": "iron_axe",
                "other_with_families": "player"
              },
              "event": "minecraft:run_log",
              "target": "self"
            }
          },
          {
            "use_item": true,
            "play_sounds": "pop",
            "interact_text": "Go mine!",
            "on_interact": {
              "filters": {
                "other_with_item": "iron_pickaxe",
                "other_with_families": "player"
              },
              "event": "minecraft:run_mine",
              "target": "self"
            }
          },
          {
            "use_item": true,
            "play_sounds": "pop",
            "interact_text": "Go harvest crops!",
            "on_interact": {
              "filters": {
                "other_with_item": "iron_hoe",
                "other_with_families": "player"
              },
              "event": "minecraft:run_hoe",
              "target": "self"
            }
          },
          {
            "use_item": true,
            "play_sounds": "pop",
            "interact_text": "Go fishing!",
            "on_interact": {
              "filters": {
                "other_with_item": "fishing_rod",
                "other_with_families": "player"
              },
              "event": "minecraft:run_rod",
              "target": "self"
            }
          }
        ]
      },
      
      "minecraft:pig_zombie_run_hunt": {
        "minecraft:behavior.avoid_mob_type": {
          "priority": 0,
          "entity_types": [
            {
              "filters": { "other_with_families": "player" },
              "max_dist": 32,
              "walk_speed_multiplier": 1.3,
              "sprint_speed_multiplier": 1.4
            }
          ]
        },
        "minecraft:timer": {
          "time": [ 8, 9 ],
          "looping": false,
          "time_down_event": {
            "event": "minecraft:go_hunt",
            "target": "self"
          }
        }        
      },
      "minecraft:pig_zombie_run_dig": {
        "minecraft:behavior.avoid_mob_type": {
          "priority": 0,
          "entity_types": [
            {
              "filters": { "other_with_families": "player" },
              "max_dist": 32,
              "walk_speed_multiplier": 1.3,
              "sprint_speed_multiplier": 1.4
            }
          ]
        },
        "minecraft:timer": {
          "time": [ 8, 9 ],
          "looping": false,
          "time_down_event": {
            "event": "minecraft:go_dig",
            "target": "self"
          }
        }
      },
      "minecraft:pig_zombie_run_log": {
        "minecraft:behavior.avoid_mob_type": {
          "priority": 0,
          "entity_types": [
            {
              "filters": { "other_with_families": "player" },
              "max_dist": 32,
              "walk_speed_multiplier": 1.3,
              "sprint_speed_multiplier": 1.4
            }
          ]
        },
        "minecraft:timer": {
          "time": [ 8, 9 ],
          "looping": false,
          "time_down_event": {
            "event": "minecraft:go_log",
            "target": "self"
          }
        }
      },
      "minecraft:pig_zombie_run_mine": {
        "minecraft:behavior.avoid_mob_type": {
          "priority": 0,
          "entity_types": [
            {
              "filters": { "other_with_families": "player" },
              "max_dist": 32,
              "walk_speed_multiplier": 1.3,
              "sprint_speed_multiplier": 1.4
            }
          ]
        },
        "minecraft:timer": {
          "time": [ 8, 9 ],
          "looping": false,
          "time_down_event": {
            "event": "minecraft:go_mine",
            "target": "self"
          }
        }        
      },
      "minecraft:pig_zombie_run_hoe": {
        "minecraft:behavior.avoid_mob_type": {
          "priority": 0,
          "entity_types": [
            {
              "filters": { "other_with_families": "player" },
              "max_dist": 32,
              "walk_speed_multiplier": 1.3,
              "sprint_speed_multiplier": 1.4
            }
          ]
        },
        "minecraft:timer": {
          "time": [ 8, 9 ],
          "looping": false,
          "time_down_event": {
            "event": "minecraft:go_hoe",
            "target": "self"
          }
        }        
      },
      "minecraft:pig_zombie_run_rod": {
        "minecraft:behavior.avoid_mob_type": {
          "priority": 0,
          "entity_types": [
            {
              "filters": { "other_with_families": "player" },
              "max_dist": 32,
              "walk_speed_multiplier": 1.3,
              "sprint_speed_multiplier": 1.4
            }
          ]
        },
        "minecraft:timer": {
          "time": [ 8, 9 ],
          "looping": false,
          "time_down_event": {
            "event": "minecraft:go_rod",
            "target": "self"
          }
        }        
      },
      
      "minecraft:pig_zombie_hunt": {
        "minecraft:behavior.follow_owner": {
          "priority": 6,
          "speed_multiplier": 1.2,
          "start_distance": 10,
          "stop_distance": 2
        },
        "minecraft:movement": {
          "value": 0.0,
          "max": 0.0
        },
        "minecraft:collision_box": {
          "width": 0.0,
          "height": 0.0
        },
        "minecraft:scale": {
          "value": 0.0
        },
        "minecraft:timer": {
          "time": [ 60, 300 ],
          "looping": false,
          "time_down_event": {
            "event": "minecraft:go_hunt_enough",
            "target": "self"
          }
        }
      },
      "minecraft:pig_zombie_dig": {
        "minecraft:behavior.follow_owner": {
          "priority": 6,
          "speed_multiplier": 1.2,
          "start_distance": 10,
          "stop_distance": 2
        },
        "minecraft:movement": {
          "value": 0.0,
          "max": 0.0
        },
        "minecraft:collision_box": {
          "width": 0.0,
          "height": 0.0
        },
        "minecraft:scale": {
          "value": 0.0
        },
        "minecraft:timer": {
          "time": [ 60, 300 ],
          "looping": false,
          "time_down_event": {
            "event": "minecraft:go_dig_enough",
            "target": "self"
          }
        }
      },
      "minecraft:pig_zombie_log": {
        "minecraft:behavior.follow_owner": {
          "priority": 6,
          "speed_multiplier": 1.2,
          "start_distance": 10,
          "stop_distance": 2
        },
        "minecraft:movement": {
          "value": 0.0,
          "max": 0.0
        },
        "minecraft:collision_box": {
          "width": 0.0,
          "height": 0.0
        },
        "minecraft:scale": {
          "value": 0.0
        },
        "minecraft:timer": {
          "time": [ 60, 300 ],
          "looping": false,
          "time_down_event": {
            "event": "minecraft:go_log_enough",
            "target": "self"
          }
        }
      },
      "minecraft:pig_zombie_mine": {
        "minecraft:behavior.follow_owner": {
          "priority": 6,
          "speed_multiplier": 1.2,
          "start_distance": 10,
          "stop_distance": 2
        },
        "minecraft:movement": {
          "value": 0.0,
          "max": 0.0
        },
        "minecraft:collision_box": {
          "width": 0.0,
          "height": 0.0
        },
        "minecraft:scale": {
          "value": 0.0
        },
        "minecraft:timer": {
          "time": [ 60, 300 ],
          "looping": false,
          "time_down_event": {
            "event": "minecraft:go_mine_enough",
            "target": "self"
          }
        }
      },
      "minecraft:pig_zombie_hoe": {
        "minecraft:behavior.follow_owner": {
          "priority": 6,
          "speed_multiplier": 1.2,
          "start_distance": 10,
          "stop_distance": 2
        },
        "minecraft:movement": {
          "value": 0.0,
          "max": 0.0
        },
        "minecraft:collision_box": {
          "width": 0.0,
          "height": 0.0
        },
        "minecraft:scale": {
          "value": 0.0
        },
        "minecraft:timer": {
          "time": [ 60, 300 ],
          "looping": false,
          "time_down_event": {
            "event": "minecraft:go_hoe_enough",
            "target": "self"
          }
        }
      },
      "minecraft:pig_zombie_rod": {
        "minecraft:behavior.follow_owner": {
          "priority": 6,
          "speed_multiplier": 1.2,
          "start_distance": 10,
          "stop_distance": 2
        },
        "minecraft:movement": {
          "value": 0.0,
          "max": 0.0
        },
        "minecraft:collision_box": {
          "width": 0.0,
          "height": 0.0
        },
        "minecraft:scale": {
          "value": 0.0
        },
        "minecraft:timer": {
          "time": [ 60, 300 ],
          "looping": false,
          "time_down_event": {
            "event": "minecraft:go_rod_enough",
            "target": "self"
          }
        }
      },
     
      
      "minecraft:pig_zombie_hunt_enough": {
        "minecraft:behavior.follow_owner": {
          "priority": 6,
          "speed_multiplier": 1.2,
          "start_distance": 10,
          "stop_distance": 2
        },
        "minecraft:movement": {
          "value": 0.33,
          "max": 0.6
        },
        "minecraft:collision_box": {
          "width": 0.6,
          "height": 1.95
        },
        "minecraft:scale": {
          "value": 1.0
        },
        "minecraft:interact": [
          {
            "play_sounds": "pop",
            "spawn_items": { "table": "loot_tables/entities/iron_hunt.json" },
            "interact_text": "What you got?",
            "on_interact": {
              "filters": {
                "other_with_families": "player"
              },
              "event": "minecraft:pig_zombie_normal",
              "target": "self"
            }
          }
        ]
      },
      "minecraft:pig_zombie_dig_enough": {
        "minecraft:behavior.follow_owner": {
          "priority": 6,
          "speed_multiplier": 1.2,
          "start_distance": 10,
          "stop_distance": 2
        },
        "minecraft:movement": {
          "value": 0.33,
          "max": 0.6
        },
        "minecraft:collision_box": {
          "width": 0.6,
          "height": 1.95
        },
        "minecraft:scale": {
          "value": 1.0
        },
        "minecraft:interact": [
          {
            "play_sounds": "pop",
            "spawn_items": { "table": "loot_tables/entities/iron_dig.json" },
            "interact_text": "What you got?",
            "on_interact": {
              "filters": {
                "other_with_families": "player"
              },
              "event": "minecraft:pig_zombie_normal",
              "target": "self"
            }
          }
        ]
      },
      "minecraft:pig_zombie_log_enough": {
        "minecraft:behavior.follow_owner": {
          "priority": 6,
          "speed_multiplier": 1.2,
          "start_distance": 10,
          "stop_distance": 2
        },
        "minecraft:movement": {
          "value": 0.33,
          "max": 0.6
        },
        "minecraft:collision_box": {
          "width": 0.6,
          "height": 1.95
        },
        "minecraft:scale": {
          "value": 1.0
        },        
        "minecraft:interact": [
          {
            "play_sounds": "pop",
            "spawn_items": { "table": "loot_tables/entities/iron_log.json" },
            "interact_text": "What you got?",
            "on_interact": {
              "filters": {
                "other_with_families": "player"
              },
              "event": "minecraft:pig_zombie_normal",
              "target": "self"
            }
          }
        ]
      },
      "minecraft:pig_zombie_mine_enough": {
        "minecraft:behavior.follow_owner": {
          "priority": 6,
          "speed_multiplier": 1.2,
          "start_distance": 10,
          "stop_distance": 2
        },
        "minecraft:movement": {
          "value": 0.33,
          "max": 0.6
        },
        "minecraft:collision_box": {
          "width": 0.6,
          "height": 1.95
        },
        "minecraft:scale": {
          "value": 1.0
        },        
        "minecraft:interact": [
          {
            "play_sounds": "pop",
            "spawn_items": { "table": "loot_tables/entities/iron_mine.json" },
            "interact_text": "What you got?",
            "on_interact": {
              "filters": {
                "other_with_families": "player"
              },
              "event": "minecraft:pig_zombie_normal",
              "target": "self"
            }
          }
        ]
      },
      "minecraft:pig_zombie_hoe_enough": {
        "minecraft:behavior.follow_owner": {
          "priority": 6,
          "speed_multiplier": 1.2,
          "start_distance": 10,
          "stop_distance": 2
        },
        "minecraft:movement": {
          "value": 0.33,
          "max": 0.6
        },
        "minecraft:collision_box": {
          "width": 0.6,
          "height": 1.95
        },
        "minecraft:scale": {
          "value": 1.0
        },        
        "minecraft:interact": [
          {
            "play_sounds": "pop",
            "spawn_items": { "table": "loot_tables/entities/iron_hoe.json" },
            "interact_text": "What you got?",
            "on_interact": {
              "filters": {
                "other_with_families": "player"
              },
              "event": "minecraft:pig_zombie_normal",
              "target": "self"
            }
          }
        ]
      },
      "minecraft:pig_zombie_rod_enough": {
        "minecraft:behavior.follow_owner": {
          "priority": 6,
          "speed_multiplier": 1.2,
          "start_distance": 10,
          "stop_distance": 2
        },
        "minecraft:movement": {
          "value": 0.33,
          "max": 0.6
        },
        "minecraft:collision_box": {
          "width": 0.6,
          "height": 1.95
        },
        "minecraft:scale": {
          "value": 1.0
        },        
        "minecraft:interact": [
          {
            "play_sounds": "pop",
            "spawn_items": { "table": "loot_tables/entities/rod_fish.json" },
            "interact_text": "What you got?",
            "on_interact": {
              "filters": {
                "other_with_families": "player"
              },
              "event": "minecraft:pig_zombie_normal",
              "target": "self"
            }
          }
        ]
      },

      "minecraft:pig_zombie_leashed": {
        "minecraft:behavior.move_towards_restriction": {
          "priority": 2,
          "speed_multiplier": 1.2
        }
      }
    },

    "components": {
      "minecraft:breathable": {
        "totalSupply": 15,
        "suffocateTime": 0
      },
      "minecraft:collision_box": {
        "width": 0.6,
        "height": 1.95
      },
      "minecraft:nameable": {
      },
      "minecraft:fire_immune": true,
      "minecraft:burns_in_daylight": false,
      "minecraft:identifier": {
        "id": "minecraft:skeleton.wither"
      },
      "minecraft:type_family": {
        "family": [ "minion" ]
      },
      "minecraft:behavior.float": {
        "priority": 0
      },
      "minecraft:behavior.stay_while_sitting": {
        "priority": 3
      },
      "minecraft:behavior.leap_at_target": {
        "priority": 4,
        "target_dist": 0.4
      },
      "minecraft:behavior.mount_pathing": {
        "priority": 2,
        "speed_multiplier": 1.25,
        "target_dist": 0,
        "track_target": true
      },
      "minecraft:behavior.move_towards_restriction": {
        "priority": 4
      },
      "minecraft:behavior.random_stroll": {
        "priority": 7,
        "speed_multiplier": 1.0
      },
      "minecraft:behavior.look_at_player": {
        "priority": 8,
        "look_distance": 6.0,
        "probability": 0.02
      },
      "minecraft:behavior.random_look_around": {
        "priority": 9
      },
      "minecraft:behavior.tempt": {
        "priority": 2,
        "speed_multiplier": 1.2,
        "items": [
          "gold_ingot"
        ]
      },
      "minecraft:behavior.hurt_by_target": {
        "priority": 1
      }

    },


    "events": {
      "minecraft:entity_transformed": {
        "remove": {
        },
        "add": {
          "component_groups": [
            "minecraft:pig_zombie_adult",
            "minecraft:pig_zombie_calm"
          ]
        }
      },
      "minecraft:entity_spawned": {
        "randomize": [
          {
            "weight": 95,
            "remove": {
            },
            "add": {
              "component_groups": [
                "minecraft:pig_zombie_adult",
                "minecraft:pig_zombie_calm"
              ]
            }
          },
          {
            "weight": 5,
            "remove": {
            },
            "add": {
              "component_groups": [
                "minecraft:pig_zombie_baby"
              ]

            }
          }
        ]
      },
      
      "minecraft:run_hunt": {
        "remove": {
          "component_groups": [
            "minecraft:pig_zombie_tame_go"
          ]
        },
        "add": {
          "component_groups": [
            "minecraft:pig_zombie_run_hunt"
          ]
        }
      },
      "minecraft:go_hunt": {
        "remove": {
          "component_groups": [
            "minecraft:pig_zombie_run_hunt"
          ]
        },
        "add": {
          "component_groups": [
            "minecraft:pig_zombie_hunt"
          ]
        }
      },
      "minecraft:go_hunt_enough": {
        "remove": {
          "component_groups": [
            "minecraft:pig_zombie_hunt"
          ]
        },
        "add": {
          "component_groups": [
            "minecraft:pig_zombie_hunt_enough"
          ]
        }
      },
      
      "minecraft:run_dig": {
        "remove": {
          "component_groups": [
            "minecraft:pig_zombie_tame_go"
          ]
        },
        "add": {
          "component_groups": [
            "minecraft:pig_zombie_run_dig"
          ]
        }
      },
      "minecraft:go_dig": {
        "remove": {
          "component_groups": [
            "minecraft:pig_zombie_run_dig"
          ]
        },
        "add": {
          "component_groups": [
            "minecraft:pig_zombie_dig"
          ]
        }
      },
      "minecraft:go_dig_enough": {
        "remove": {
          "component_groups": [
            "minecraft:pig_zombie_dig"
          ]
        },
        "add": {
          "component_groups": [
            "minecraft:pig_zombie_dig_enough"
          ]
        }
      },
      
      "minecraft:run_log": {
        "remove": {
          "component_groups": [
            "minecraft:pig_zombie_tame_go"
          ]
        },
        "add": {
          "component_groups": [
            "minecraft:pig_zombie_run_log"
          ]
        }
      },
      "minecraft:go_log": {
        "remove": {
          "component_groups": [
            "minecraft:pig_zombie_run_log"
          ]
        },
        "add": {
          "component_groups": [
            "minecraft:pig_zombie_log"
          ]
        }
      },
      "minecraft:go_log_enough": {
        "remove": {
          "component_groups": [
            "minecraft:pig_zombie_log"
          ]
        },
        "add": {
          "component_groups": [
            "minecraft:pig_zombie_log_enough"
          ]
        }
      },
      
      "minecraft:run_mine": {
        "remove": {
          "component_groups": [
            "minecraft:pig_zombie_tame_go"
          ]
        },
        "add": {
          "component_groups": [
            "minecraft:pig_zombie_run_mine"
          ]
        }
      },
      "minecraft:go_mine": {
        "remove": {
          "component_groups": [
            "minecraft:pig_zombie_run_mine"
          ]
        },
        "add": {
          "component_groups": [
            "minecraft:pig_zombie_mine"
          ]
        }
      },
      "minecraft:go_mine_enough": {
        "remove": {
          "component_groups": [
            "minecraft:pig_zombie_mine"
          ]
        },
        "add": {
          "component_groups": [
            "minecraft:pig_zombie_mine_enough"
          ]
        }
      },
      
      "minecraft:run_hoe": {
        "remove": {
          "component_groups": [
            "minecraft:pig_zombie_tame_go"
          ]
        },
        "add": {
          "component_groups": [
            "minecraft:pig_zombie_run_hoe"
          ]
        }
      },
      "minecraft:go_hoe": {
        "remove": {
          "component_groups": [
            "minecraft:pig_zombie_run_hoe"
          ]
        },
        "add": {
          "component_groups": [
            "minecraft:pig_zombie_hoe"
          ]
        }
      },
      "minecraft:go_hoe_enough": {
        "remove": {
          "component_groups": [
            "minecraft:pig_zombie_hoe"
          ]
        },
        "add": {
          "component_groups": [
            "minecraft:pig_zombie_hoe_enough"
          ]
        }
      },
      
      "minecraft:run_rod": {
        "remove": {
          "component_groups": [
            "minecraft:pig_zombie_tame_go"
          ]
        },
        "add": {
          "component_groups": [
            "minecraft:pig_zombie_run_rod"
          ]
        }
      },
      "minecraft:go_rod": {
        "remove": {
          "component_groups": [
            "minecraft:pig_zombie_run_rod"
          ]
        },
        "add": {
          "component_groups": [
            "minecraft:pig_zombie_rod"
          ]
        }
      },
      "minecraft:go_rod_enough": {
        "remove": {
          "component_groups": [
            "minecraft:pig_zombie_rod"
          ]
        },
        "add": {
          "component_groups": [
            "minecraft:pig_zombie_rod_enough"
          ]
        }
      },
      
      "minecraft:pig_zombie_normal": {
        "remove": {
          "component_groups": [
            "minecraft:pig_zombie_hunt_enough",
            "minecraft:pig_zombie_dig_enough",
            "minecraft:pig_zombie_log_enough",
            "minecraft:pig_zombie_mine_enough",
            "minecraft:pig_zombie_hoe_enough",
            "minecraft:pig_zombie_rod_enough"
          ]
        },
        "add": {
          "component_groups": [
            "minecraft:pig_zombie_tame_go"
          ]
        }
      },
      
      "minecraft:ageable_grow_up": {
        "remove": {
          "component_groups": [
            "minecraft:pig_zombie_baby"
          ]
        },
        "add": {
          "component_groups": [
            "minecraft:pig_zombie_adult",
            "minecraft:pig_zombie_calm"
          ]
        }
      },
      "minecraft:on_tame": {
        "remove": {
          "component_groups": [
            "minecraft:pig_zombie_adult",
            "minecraft:pig_zombie_calm"
          ]
        },
        "add": {
          "component_groups": [
            "minecraft:pig_zombie_tame",
            "minecraft:pig_zombie_tame_go"
          ]
        }
      },
      "minecraft:on_calm": {
        "remove": {
          "component_groups": [
            "minecraft:pig_zombie_angry"
          ]
        },
        "add": {
          "component_groups": [
            "minecraft:pig_zombie_calm"
          ]
        }
      },
      "minecraft:become_angry": {
        "remove": {
          "component_groups": [
            "minecraft:pig_zombie_calm"
          ]
        },
        "add": {
          "component_groups": [
            "minecraft:pig_zombie_angry"
          ]
        }
      },
      "minecraft:on_leash": {
        "add": {
          "component_groups": [
            "minecraft:pig_zombie_leashed"
          ]
        }
      },
      "minecraft:on_unleash": {
        "remove": {
          "component_groups": [
            "minecraft:pig_zombie_leashed"
          ]
        }
      }
    }
  }
}