{
    "pools": [
        {
            "rolls": 1,
            "entries": [
                {
                    "type": "item",
                    "name": "minecraft:golden_sword",
                    "weight": 1,
                    "functions": [
                        {
                            "function": "set_count",
                            "count": {
                                "min": 1,
                                "max": 2
                            }
                        }
                    ]
                }
            ]
        },
        {
            "rolls": 1,
            "entries": [
                {
            "type": "item",
            "name": "minecraft:creeper_skull",
            "weight": 1,
            "functions": [
                 {
                      "function": "set_count",
                      "count": {
                          "min": 4,
                          "max": 5
                            }
                        }
                    ]
                }
            ]
        },
        {
             "rolls": 1,
            "entries": [
                {
            "type": "item",
            "name": "minecraft:gunpowder",
            "weight": 1,
            "functions": [
                 {
                      "function": "set_count",
                      "count": {
                          "min": 4,
                          "max": 5
                            }
                        }
                    ]
                }
            ]
        },
        {
            "rolls": 1,
            "entries": [
                {
                    "type": "item",
                    "name": "minecraft:diamond",
                    "weight": 1,
                    "functions": [
                        {
                            "function": "set_count",
                            "count": {
                                "min": 1,
                                "max": 3
                            }
                        }
                    ]
                }
            ]
        }
    ]
}