{
  "minecraft:entity": {
    "format_version": 0.1,

    "component_groups": {
    	  "become_villager": {
        "minecraft:transformation": {
          "into": "minecraft:zombie_villager"
        }
      },
      "sword": {
       "minecraft:tameable": {
          "probability": 0.40,
          "tameItems": "gold_ingot",
          "tame_event": {
            "event": "villager_sword_hier",
            "target": "self"
          }
       },
        "minecraft:attack": {
          "damage": 4
        },
        "minecraft:equipment": {
          "table": "loot_tables/entities/village_guard.json"
        },
      "minecraft:behavior.hurt_by_target": {
        "priority": 1
      },
      "minecraft:behavior.nearest_attackable_target": {
        "priority": 2,
        "entity_types": [
          {
            "filters": { "other_with_families": ["monster"] },
            "max_dist": 32
          }
        ],
        "must_see": true
      },
      "minecraft:interact": [
        {
          "on_interact": {
            "filters": {
              "other_with_item": "bow"
            },
            "event": "villager_bow",
            "target": "self"
          },
          "use_item": "true",
          "spawn_items": { "table": "loot_tables/entities/guard_sword.json" },
          "interact_text": "Change"
        }
      ]
      },
      
      
      "sword_hier": {
      	 "minecraft:is_tamed": {
        },
        "minecraft:attack": {
          "damage": 5
        },
        "minecraft:equipment": {
          "table": "loot_tables/entities/village_guard.json"
        },
        "minecraft:behavior.follow_owner": {
          "priority": 2,
          "speed_multiplier": 1.4,
          "start_distance": 14,
          "stop_distance": 4
        },
        "minecraft:behavior.owner_hurt_by_target": {
          "priority": 1
        },
        "minecraft:behavior.owner_hurt_target": {
          "priority": 2,
          "not_entity_types": [
            "villager"
          ]
        },
        "minecraft:behavior.nearest_attackable_target": {
          "priority": 5,
          "entity_types": [
            {
              "filters": { "other_with_families": "monster" },
              "max_dist": 16
            }
          ],
          "must_see": true
        },
        "minecraft:sittable": {
        },
        "minecraft:interact": [
        {
          "on_interact": {
            "filters": {
              "other_with_item": "gold_ingot"
            },
            "event": "become_villager",
            "target": "self"
          },
          "use_item": "false",
          "spawn_items": { "table": "loot_tables/entities/guard_sword_chestplate.json" },
          "interact_text": "Fire"
        },
        {
          "on_interact": {
            "filters": {
              "other_with_item": "bow"
            },
            "event": "give_bow_hier",
            "target": "self"
          },
          "use_item": "true",
          "spawn_items": { "table": "loot_tables/entities/guard_sword.json" },
          "interact_text": "Change"
        }
      ]
      },

      "bow": {
      	 "minecraft:tameable": {
          "probability": 0.40,
          "tameItems": "gold_ingot",
          "tame_event": {
            "event": "villager_bow_hier",
            "target": "self"
          }
       },
        "minecraft:shooter": {
          "type": "Arrow",
          "def": "minecraft:arrow.skeleton"
        },
        "minecraft:behavior.ranged_attack": {
          "attack_interval_min": 1,
          "attack_interval_max": 3,
          "attack_radius": 15
        },
        "minecraft:equipment": {
          "table": "loot_tables/entities/village_guard_bow.json"
        },
       "minecraft:behavior.hurt_by_target": {
        "priority": 1
      },
      "minecraft:behavior.nearest_attackable_target": {
        "priority": 2,
        "entity_types": [
          {
            "filters": { "other_with_families": "monster" },
            "max_dist": 16
          }
        ],
        "must_see": true
      },
      "minecraft:interact": [
            {
      "on_interact": {
            "filters": {
              "other_with_item": "iron_sword"
            },
            "event": "villager_sword",
            "target": "self"
          },
          "use_item": "true",
          "spawn_items": { "table": "loot_tables/entities/guard_bow.json" },
          "interact_text": "Change"
            }
         ]
      },
      
      "bow_hier": {
      	 "minecraft:is_tamed": {
        },
        "minecraft:shooter": {
          "type": "Arrow",
          "def": "minecraft:arrow.skeleton"
        },
        "minecraft:behavior.ranged_attack": {
          "attack_interval_min": 1,
          "attack_interval_max": 3,
          "attack_radius": 15
        },
        "minecraft:equipment": {
          "table": "loot_tables/entities/village_guard_bow.json"
        },
        "minecraft:behavior.follow_owner": {
          "priority": 2,
          "speed_multiplier": 1.4,
          "start_distance": 14,
          "stop_distance": 4
        },
        "minecraft:behavior.owner_hurt_by_target": {
          "priority": 1
        },
        "minecraft:behavior.owner_hurt_target": {
          "priority": 2,
          "not_entity_types": [ "villager" ]
        },
        "minecraft:behavior.nearest_attackable_target": {
          "priority": 5,
          "entity_types": [
            {
              "filters": { "other_with_families": "monster" },
              "max_dist": 16
            }
          ],
          "must_see": true
        },

        "minecraft:sittable": {
        },
        "minecraft:interact": [
        {
          "on_interact": {
            "filters": {
              "other_with_item": "gold_ingot"
            },
            "event": "become_villager",
            "target": "self"
          },
          "use_item": "false",
          "spawn_items": { "table": "loot_tables/entities/guard_bow_chestplate.json" },
          "interact_text": "Fire"
        },
        {
      "on_interact": {
            "filters": {
              "other_with_item": "iron_sword"
            },
            "event": "give_sword_hier",
            "target": "self"
          },
          "use_item": "true",
          "spawn_items": { "table": "loot_tables/entities/guard_bow.json" },
          "interact_text": "Change"
            }
      ]
      }
    },

    "components": {
      "minecraft:identifier": {
        "id": "minecraft:skeleton.wither"
      },
      "minecraft:health": {
        "value": 30,
        "max": 30
      },
      "minecraft:healable": {
        "items": [
          "cooked_porkchop",
          "cooked_fish",
          "cooked_salmon",
          "cooked_beef",
          "cooked_chicken",
          "muttonCooked",
          "apple",
          "carrot",
          "bread",           
          "potato",
          "baked_potato",
          "beetroot",
          "cooked_rabbit",
          "rabbit_stew"
        ]
      },
      "minecraft:collision_box": {
        "width": 0.6,
        "height": 1.8
      },
      "minecraft:loot": {},      
      "minecraft:movement": {
        "value": 0.3,
        "max": 0.3
      },
      "minecraft:scale": {
        "value": 1.0
      },
      "minecraft:behavior.float": {
        "priority": 0
      },
      "minecraft:behavior.open_door": {
        "priority": 4,
        "close_door_after": true
      },
      "minecraft:behavior.random_stroll": {
        "priority": 5,
        "speed_multiplier": 1
      },
      "minecraft:behavior.look_at_player": {
        "priority": 6,
        "look_distance": 8
      },
      "minecraft:behavior.random_look_around": {
        "priority": 6
      },
      "minecraft:behavior.melee_attack": {
        "priority": 4,
        "target_dist": 1.2,
        "speed_multiplier": 1.25,
        "track_target": true
      },
      "minecraft:behavior.stay_while_sitting": {
        "priority": 3
      },
      "minecraft:type_family": {
        "family": [ "villager" ]
      },
      "minecraft:behavior.defend_village_target": {
          "priority": 1
      },
      "minecraft:behavior.move_through_village": {
        "priority": 3,
        "speed_multiplier": 0.2,
        "only_at_night": true
      },
      "minecraft:behavior.beg": {
        "priority": 4,
        "look_distance": 8,
        "look_time": [ 2, 4 ],
        "items": [ "gold_ingot" ]
      }
    },

    "events": {
      "minecraft:entity_spawned": {
          "sequence": [
          {
            "randomize": [
              {
                "weight": 60,
                "add": { "component_groups": [ "sword" ] }
              },
              {
                "weight": 40,
                "add": { "component_groups": [ "bow" ] }
              } 
            ]
          }
        ]
      },
      "minecraft:entity_transformed": {
        "sequence": [
          {
            "randomize": [
              {
                "weight": 60,
                "add": { "component_groups": [ "sword" ] }
              },
              {
                "weight": 40,
                "add": { "component_groups": [ "bow" ] }
              } 
            ]
          }
        ]
      },
      "become_villager": {
        "add": {
          "component_groups": [
            "become_villager"
          ]
        }
      },
      "villager_sword_hier": {
        "sequence": [
          {
            "remove": { "component_groups": [ "sword" ] },
            "add": { "component_groups": [ "sword_hier" ] }
          }
        ]
      },
      "villager_bow_hier": {
        "sequence": [
          {
            "remove": { "component_groups": [ "bow" ] },
            "add": { "component_groups": [ "bow_hier" ] }
          }
        ]
      },
      "villager_bow": {
        "sequence": [
          {
            "remove": { "component_groups": [ "sword" ] },
            "add": { "component_groups": [ "bow" ] }
          }
        ]
      },
      "villager_sword": {
        "sequence": [
          {
            "remove": { "component_groups": [ "bow" ] },
            "add": { "component_groups": [ "sword" ] }
          }
        ]
      },
      "give_sword_hier": {
        "sequence": [
          {
            "remove": { "component_groups": [ "bow_hier" ] },
            "add": { "component_groups": [ "sword_hier" ] }
          }
        ]
      },
      "give_bow_hier": {
        "sequence": [
          {
            "remove": { "component_groups": [ "sword_hier" ] },
            "add": { "component_groups": [ "bow_hier" ] }
          }
        ]
      }
    }
  }
}